Name,Path,Data Type,Logical Address,Comment,Hmi Visible,Hmi Accessible,Hmi Writeable,Typeobject ID,Version ID
Start,Default tag table,Bool,%I0.0,Tín hiệu nhấn nút start,True,True,True,,
Stop,Default tag table,Bool,%I0.1,Tín hiệu nhấn nút stop,True,True,True,,
Reset,Default tag table,Bool,%I0.2,Tín hiệu nhấn nút Reset,True,True,True,,
EMG,Default tag table,Bool,%I0.3,,True,True,True,,
SS Position1 CV Input,Default tag table,Bool,%I0.4,,True,True,True,,
SS Position2 CV Input,Default tag table,Bool,%I0.5,,True,True,True,,
SS Up XL Nâng Input,Default tag table,Bool,%I1.0,,True,True,True,,
SS Down XL Nâng Input,Default tag table,Bool,%I1.1,,True,True,True,,
SS Position3 CV Input,Default tag table,Bool,%I11.4,,True,True,True,,
SS Rack Input XL,Default tag table,Bool,%I1.4,,True,True,True,,
SS Limit 1 Tranfer1,Default tag table,Bool,%I1.5,,True,True,True,,
SS Limit 1 Tranfer2,Default tag table,Bool,%I2.1,,True,True,True,,
SS Open XL Robot,Default tag table,Bool,%I2.3,,True,True,True,,
SS Close XL Robot,Default tag table,Bool,%I2.4,,True,True,True,,
SS Down XL Robot,Default tag table,Bool,%I2.5,,True,True,True,,
SS Up XL Robot,Default tag table,Bool,%I2.6,Cảm biến Xy Lanh dọc của Robot,True,True,True,,
SS Up XL Nâng Output,Default tag table,Bool,%I3.1,,True,True,True,,
SS Down XL Nâng Output,Default tag table,Bool,%I3.2,,True,True,True,,
SS Up XL Lift 1,Default tag table,Bool,%I5.5,,True,True,True,,
SS Down XL Lift 1,Default tag table,Bool,%I5.6,Trgger DOwnnXLn3,True,True,True,,
SS Up XL Lift 5,Default tag table,Bool,%I5.7,,True,True,True,,
SS Down XL Lift 5,Default tag table,Bool,%I6.0,,True,True,True,,
SS LW Tank1,Default tag table,Bool,%I6.2,,True,True,True,,
SS LW Tank2,Default tag table,Bool,%I6.4,,True,True,True,,
SS LW Tank3,Default tag table,Bool,%I6.6,,True,True,True,,
SS_Rack_Robot,Default tag table,Bool,%I6.7,,True,True,True,,
SS LW Tank4,Default tag table,Bool,%I7.0,,True,True,True,,
SS LW Tank5,Default tag table,Bool,%I7.2,,True,True,True,,
SS LW Tank6,Default tag table,Bool,%I7.4,,True,True,True,,
SS LW Tank7,Default tag table,Bool,%I7.6,,True,True,True,,
SS LW Tank8,Default tag table,Bool,%I8.0,,True,True,True,,
SS LW Tank9,Default tag table,Bool,%I8.2,,True,True,True,,
SS W Tank1,Default tag table,Bool,%I8.5,,True,True,True,,
SS W Tank2,Default tag table,Bool,%I8.6,,True,True,True,,
SS W Tank3,Default tag table,Bool,%I8.7,,True,True,True,,
SS W Tank4,Default tag table,Bool,%I9.0,,True,True,True,,
SS W Tank5,Default tag table,Bool,%I9.1,,True,True,True,,
SS W Tank6,Default tag table,Bool,%I9.2,,True,True,True,,
SS W Tank7,Default tag table,Bool,%I9.3,,True,True,True,,
SS W Tank8,Default tag table,Bool,%I9.4,,True,True,True,,
SS W Tank9,Default tag table,Bool,%I9.5,,True,True,True,,
SS Rack BT Out,Default tag table,Bool,%I9.7,,True,True,True,,
Up_Limit_Lift,Default tag table,Bool,%I10.2,Cảm Biến Trên Axis Lift,True,True,True,,
Down_Limit_Lift,Default tag table,Bool,%I10.3,Cảm biến Dưới Axis Lift,True,True,True,,
Jog + Robot,Default tag table,Bool,%I10.4,Trigger JOG +,True,True,True,,
Jog - Robot,Default tag table,Bool,%I10.5,Trigger JOG -,True,True,True,,
SS Up XL Lift 2,Default tag table,Bool,%I10.6,Cảm Biến Trên Xy Lanh Nâng  Bath 4,True,True,True,,
SS Down XL Lift 2,Default tag table,Bool,%I10.7,Cảm Biến Dưới Xy Lanh Nâng  Bath 4,True,True,True,,
SS Up XL Lift 3,Default tag table,Bool,%I11.0,Cảm Biến Trên Xy Lanh Nâng  Bath 5,True,True,True,,
SS Down XL Lift 3,Default tag table,Bool,%I11.1,Cảm Biến Dưới Xy Lanh Nâng  Bath 5,True,True,True,,
SS Up XL Lift 4,Default tag table,Bool,%I11.2,Cảm Biến Trên Xy Lanh Nâng  Bath 6,True,True,True,,
SS Down XL Lift 4,Default tag table,Bool,%I11.3,Cảm Biến Dưới Xy Lanh Nâng  Bath 6,True,True,True,,
Right_Limit_X,Default tag table,Bool,%I11.5,,True,True,True,,
Left_Limit_X,Default tag table,Bool,%I11.6,,True,True,True,,
XL Chốt Input_1,Default tag table,Bool,%Q0.0,,True,True,True,,
XL Chốt Input_2,Default tag table,Bool,%Q0.1,,True,True,True,,
XL Nâng Input1,Default tag table,Bool,%Q0.4,,True,True,True,,
XL Nâng Input2,Default tag table,Bool,%Q0.5,,True,True,True,,
XL Kẹp Robot_1,Default tag table,Bool,%Q0.6,,True,True,True,,
XL Kẹp Robot_2,Default tag table,Bool,%Q0.7,,True,True,True,,
Motor Băng tải Input,Default tag table,Bool,%Q1.0,,True,True,True,,
XL Nâng Output1,Default tag table,Bool,%Q2.1,,True,True,True,,
XL Nâng Output2,Default tag table,Bool,%Q2.2,,True,True,True,,
Van DI ON,Default tag table,Bool,%Q2.4,,True,True,True,,
Van DI OFF,Default tag table,Bool,%Q2.5,,True,True,True,,
Pump Bath1,Default tag table,Bool,%Q2.6,,True,True,True,,
Pump Bath2,Default tag table,Bool,%Q2.7,,True,True,True,,
Pump Bath3,Default tag table,Bool,%Q3.0,,True,True,True,,
Pump Bath4,Default tag table,Bool,%Q3.1,,True,True,True,,
Pump Bath5,Default tag table,Bool,%Q3.2,,True,True,True,,
Pump Bath6,Default tag table,Bool,%Q3.3,,True,True,True,,
Pump Bath7,Default tag table,Bool,%Q3.4,,True,True,True,,
Pump Bath8,Default tag table,Bool,%Q3.5,,True,True,True,,
Pump Bath9,Default tag table,Bool,%Q3.6,,True,True,True,,
Van RO ON,Default tag table,Bool,%Q4.0,,True,True,True,,
Van RO OFF,Default tag table,Bool,%Q4.1,,True,True,True,,
UltraS Tank1,Default tag table,Bool,%Q4.5,,True,True,True,,
UltraS Tank2,Default tag table,Bool,%Q4.6,,True,True,True,,
UltraS Tank3,Default tag table,Bool,%Q4.7,,True,True,True,,
UltraS Tank4,Default tag table,Bool,%Q5.0,,True,True,True,,
UltraS Tank5,Default tag table,Bool,%Q5.1,,True,True,True,,
UltraS Tank6,Default tag table,Bool,%Q5.2,,True,True,True,,
UltraS Tank7,Default tag table,Bool,%Q5.3,,True,True,True,,
UltraS Tank8,Default tag table,Bool,%Q5.4,,True,True,True,,
UltraS Tank9,Default tag table,Bool,%Q5.5,,True,True,True,,
XL Lift 1_1,Default tag table,Bool,%Q6.0,,True,True,True,,
XL Lift 1_2,Default tag table,Bool,%Q6.1,,True,True,True,,
XL Lift 2_1,Default tag table,Bool,%Q6.2,,True,True,True,,
XL Lift 2_2,Default tag table,Bool,%Q6.3,,True,True,True,,
XL Lift 3_1,Default tag table,Bool,%Q6.4,,True,True,True,,
XL Lift 3_2,Default tag table,Bool,%Q6.5,,True,True,True,,
XL Lift 4_1,Default tag table,Bool,%Q6.6,,True,True,True,,
XL Lift 4_2,Default tag table,Bool,%Q6.7,,True,True,True,,
XL Lift 5_1,Default tag table,Bool,%Q7.0,,True,True,True,,
XL Lift 5_2,Default tag table,Bool,%Q7.1,,True,True,True,,
Red Lamp,Default tag table,Bool,%Q7.2,,True,True,True,,
Yellow Lamp,Default tag table,Bool,%Q7.3,,True,True,True,,
Green Lamp,Default tag table,Bool,%Q7.4,,True,True,True,,
XL_UP_Robot,Default tag table,Bool,%Q7.6,,True,True,True,,
XL_DOWN_Robot,Default tag table,Bool,%Q7.7,,True,True,True,,
FirstScan,Default tag table,Bool,%M1.0,,True,True,True,,
AlwaysTRUE,Default tag table,Bool,%M1.2,,True,True,True,,
Clock_1Hz,Default tag table,Bool,%M0.5,,True,True,True,,
Clock_0.625Hz,Default tag table,Bool,%M0.6,,True,True,True,,
SEND_MoveRack456,Default tag table,Bool,%M2.4,Tín Hiệu Kích Gửi,True,True,True,,
length,Default tag table,Int,%MW4,Biến Lưu Chiều Dài Data cần gửi,True,True,True,,
Edge_2,Default tag table,Bool,%M2.7,Temp Pulse 2,True,True,True,,
MANUAL_STATE,Default tag table,Bool,%M3.1,Chế độ manual,True,True,True,,
AUTO_STATE,Default tag table,Bool,%M3.2,Chế Dộ AUTO,True,True,True,,
HOME_MAN_TRIGGER_PC,Default tag table,Bool,%M3.3,Tín Hiệu Home Manual,True,True,True,,
HOME_AUTO_TRIGGER_PC,Default tag table,Bool,%M3.4,Tín HIệu HOME AUTO,True,True,True,,
SELECT_AXIS_HOME,Default tag table,Int,%MW6,"0-ALL Axis , 1 - AXIS X, 2 - AXIS LIFT",True,True,True,,
Edge_3,Default tag table,Bool,%M3.5,Temp Pulse 3,True,True,True,,
Edge_4,Default tag table,Bool,%M3.6,Temp Pulse 4,True,True,True,,
Edge_5,Default tag table,Bool,%M3.7,Temp 5,True,True,True,,
Edge_6,Default tag table,Bool,%M8.0,Temp6,True,True,True,,
Edge_7,Default tag table,Bool,%M8.1,Temp 7,True,True,True,,
Edge_8,Default tag table,Bool,%M8.2,Temp 8,True,True,True,,
Edge_9,Default tag table,Bool,%M8.3,Temp 9,True,True,True,,
Edge_10,Default tag table,Bool,%M8.4,Temp 10,True,True,True,,
Move_Point_X,Default tag table,Bool,%M8.5,Trigger_Move_Point Axis X,True,True,True,,
Edge_11,Default tag table,Bool,%M8.6,Temp 11,True,True,True,,
Move_Point_LIFT,Default tag table,Bool,%M8.7,Tín Hiệu Move Point Axis LIFT,True,True,True,,
WRITE_DATA_POINT_X,Default tag table,Bool,%M9.0,Trigger Cài đặt điểm,True,True,True,,
Edge_12,Default tag table,Bool,%M9.1,Temp 12,True,True,True,,
Edge_13,Default tag table,Bool,%M9.2,Temp 13,True,True,True,,
WRITE_DATA_POINT_LIFT,Default tag table,Bool,%M9.3,Trigger Set data point Axis LIft,True,True,True,,
Jog_TF_1_FW,Default tag table,Bool,%M9.4,Trigger Jog FW Tranfer 1,True,True,True,,
Edge_14,Default tag table,Bool,%M9.5,Temp 14,True,True,True,,
Edge_15,Default tag table,Bool,%M9.6,Temp 15,True,True,True,,
Edge_16,Default tag table,Bool,%M9.7,Temp 16,True,True,True,,
Edge_17,Default tag table,Bool,%M10.0,Temp 17,True,True,True,,
Jog_TF_1_BW,Default tag table,Bool,%M10.1,Trigger Jog BW Tranfer 1,True,True,True,,
Jog_TF_2_FW,Default tag table,Bool,%M10.2,Trigger Jog FW Tranfer 2,True,True,True,,
Edge_18,Default tag table,Bool,%M10.3,Temp 18,True,True,True,,
Edge_19,Default tag table,Bool,%M10.4,Temp 19,True,True,True,,
Jog_TF_2_BW,Default tag table,Bool,%M10.5,Trigger Jog BW Tranfer 2,True,True,True,,
Edge_20,Default tag table,Bool,%M10.6,Temp 20,True,True,True,,
Edge_21,Default tag table,Bool,%M10.7,Temp 21,True,True,True,,
Run_TF_1_FW,Default tag table,Bool,%M11.0,Trgger Run FW Tranfer 1,True,True,True,,
Edge_22,Default tag table,Bool,%M11.1,Temp 22,True,True,True,,
Edge_23,Default tag table,Bool,%M11.2,Temp 23,True,True,True,,
Run_TF_1_BW,Default tag table,Bool,%M11.3,Trgger Run BW Tranfer 1,True,True,True,,
Edge_24,Default tag table,Bool,%M11.4,Temp 24,True,True,True,,
Edge_25,Default tag table,Bool,%M11.5,Temp 25,True,True,True,,
Run_TF_2_FW,Default tag table,Bool,%M11.6,Trigger Run FW Tranfer 2,True,True,True,,
Edge_26,Default tag table,Bool,%M11.7,Temp 26,True,True,True,,
Edge_27,Default tag table,Bool,%M12.0,Temp 27,True,True,True,,
Run_TF_2_BW,Default tag table,Bool,%M12.1,Trigger Run BW Tranfer 2,True,True,True,,
Edge_28,Default tag table,Bool,%M12.2,Temp 28,True,True,True,,
Edge_29,Default tag table,Bool,%M12.3,Temp 29,True,True,True,,
Jog_Lift_1_FW,Default tag table,Bool,%M12.4,Trigger Jog Lift 1 FW,True,True,True,,
Edge_30,Default tag table,Bool,%M12.5,Temp 30,True,True,True,,
Edge_31,Default tag table,Bool,%M12.6,Temp 31,True,True,True,,
Jog_Lift_1_BW,Default tag table,Bool,%M12.7,Trgger Jog Lift 1 BW,True,True,True,,
Edge_32,Default tag table,Bool,%M13.0,Temp 32,True,True,True,,
Edge_33,Default tag table,Bool,%M13.1,Temp 33,True,True,True,,
Run_Lift_1_FW,Default tag table,Bool,%M13.2,Trigger Run Lift 1 FW,True,True,True,,
Edge_34,Default tag table,Bool,%M13.3,Temp 34,True,True,True,,
Edge_35,Default tag table,Bool,%M13.4,Temp 35,True,True,True,,
Run_Lift_1_BW,Default tag table,Bool,%M13.5,Trigger Run Lift 1 BW,True,True,True,,
Edge_36,Default tag table,Bool,%M13.6,Temp 36,True,True,True,,
Edge_37,Default tag table,Bool,%M13.7,Temp 37,True,True,True,,
Jog_Lift_2_FW,Default tag table,Bool,%M14.0,Trigger Jog Lifft 2 FW,True,True,True,,
Edge_38,Default tag table,Bool,%M14.1,Temp 38,True,True,True,,
Edge_39,Default tag table,Bool,%M14.2,Temp 39,True,True,True,,
Jog_Lift_2_BW,Default tag table,Bool,%M14.3,Trigger Jog Lift 2 BW,True,True,True,,
Edge_40,Default tag table,Bool,%M14.4,Temp 40,True,True,True,,
Edge_41,Default tag table,Bool,%M14.5,Temp 41,True,True,True,,
Run_Lift_2_FW,Default tag table,Bool,%M14.6,Trigger Run Lift 2 FW,True,True,True,,
Edge_42,Default tag table,Bool,%M14.7,Temp 42,True,True,True,,
Edge_43,Default tag table,Bool,%M15.0,Temp 43,True,True,True,,
Run_Lift_2_BW,Default tag table,Bool,%M15.1,Trigger Run Lifr 2 BW,True,True,True,,
Edge_44,Default tag table,Bool,%M15.2,Temp 44,True,True,True,,
Edge_45,Default tag table,Bool,%M15.3,Temp 45,True,True,True,,
Jog_Lift_3_FW,Default tag table,Bool,%M15.4,Trgger Jog Lift 3 FW,True,True,True,,
Edge_46,Default tag table,Bool,%M15.5,Temp 46,True,True,True,,
Edge_47,Default tag table,Bool,%M15.6,Temp 47,True,True,True,,
Jog_Lift_3_BW,Default tag table,Bool,%M15.7,Trigger Jog Lift 3 BW,True,True,True,,
Edge_48,Default tag table,Bool,%M16.0,Temp 48,True,True,True,,
Edge_49,Default tag table,Bool,%M16.1,Temp 49,True,True,True,,
Run_Lift_3_FW,Default tag table,Bool,%M16.2,Trigger Run Lift 3 FW,True,True,True,,
Edge_50,Default tag table,Bool,%M16.3,Temp 50,True,True,True,,
Edge_51,Default tag table,Bool,%M16.4,Temp 51,True,True,True,,
Run_Lift_3_BW,Default tag table,Bool,%M16.5,Trigger Run Lift 3 BW,True,True,True,,
Edge_52,Default tag table,Bool,%M16.6,Temp 52,True,True,True,,
Edge_53,Default tag table,Bool,%M16.7,Temp 53,True,True,True,,
SET_FREQ_MOTOR_TRANFER,Default tag table,Bool,%M17.0,Tín hiệu set freq cho Motor tranfer,True,True,True,,
SET_ACC_DEC_MOTOR_TRANFER,Default tag table,Bool,%M17.1,,True,True,True,,
Edge_54,Default tag table,Bool,%M17.2,Temp 54,True,True,True,,
Edge_55,Default tag table,Bool,%M17.3,Temp 55,True,True,True,,
SET_FREQ_MOTOR_LIFT,Default tag table,Bool,%M17.4,Tín hiệu cài đặt tần số cho đọng cơ nhúng,True,True,True,,
Edge_56,Default tag table,Bool,%M17.5,Temp 56,True,True,True,,
SET_ACC_DEC_MOTOR_LIFT,Default tag table,Bool,%M17.6,Tín hiệu cài đặt thời gian tăng tốc giảm tốc của động cơ nhúng,True,True,True,,
Edge_57,Default tag table,Bool,%M17.7,Temp 57,True,True,True,,
Begin_Reset,Default tag table,Bool,%M18.0,Reset Trgger,True,True,True,,
Stop_Pump_temp_1,Default tag table,Bool,%M18.1,,True,True,True,,
RESET_PUMP_1,Default tag table,Bool,%M18.2,,True,True,True,,
START_PUMP_1,Default tag table,Bool,%M18.3,,True,True,True,,
STOP_PUMP_1,Default tag table,Bool,%M18.4,,True,True,True,,
Stop_Pump_temp_2,Default tag table,Bool,%M18.5,,True,True,True,,
RESET_PUMP_2,Default tag table,Bool,%M18.6,,True,True,True,,
START_PUMP_2,Default tag table,Bool,%M18.7,,True,True,True,,
STOP_PUMP_2,Default tag table,Bool,%M19.0,,True,True,True,,
Stop_Pump_temp_3,Default tag table,Bool,%M19.1,,True,True,True,,
RESET_PUMP_3,Default tag table,Bool,%M19.2,,True,True,True,,
START_PUMP_3,Default tag table,Bool,%M19.3,,True,True,True,,
STOP_PUMP_3,Default tag table,Bool,%M19.4,,True,True,True,,
Stop_Pump_temp_4,Default tag table,Bool,%M19.5,,True,True,True,,
RESET_PUMP_4,Default tag table,Bool,%M19.6,,True,True,True,,
START_PUMP_4,Default tag table,Bool,%M19.7,,True,True,True,,
STOP_PUMP_4,Default tag table,Bool,%M20.0,,True,True,True,,
Stop_Pump_temp_5,Default tag table,Bool,%M20.1,,True,True,True,,
RESET_PUMP_5,Default tag table,Bool,%M20.2,,True,True,True,,
START_PUMP_5,Default tag table,Bool,%M20.3,,True,True,True,,
STOP_PUMP_5,Default tag table,Bool,%M20.4,,True,True,True,,
Stop_Pump_temp_6,Default tag table,Bool,%M20.5,,True,True,True,,
RESET_PUMP_6,Default tag table,Bool,%M20.6,,True,True,True,,
START_PUMP_6,Default tag table,Bool,%M20.7,,True,True,True,,
STOP_PUMP_6,Default tag table,Bool,%M21.0,,True,True,True,,
Stop_Pump_temp_7,Default tag table,Bool,%M21.1,,True,True,True,,
RESET_PUMP_7,Default tag table,Bool,%M21.2,,True,True,True,,
START_PUMP_7,Default tag table,Bool,%M21.3,,True,True,True,,
STOP_PUMP_7,Default tag table,Bool,%M21.4,,True,True,True,,
Stop_Pump_temp_8,Default tag table,Bool,%M21.5,,True,True,True,,
START_PUMP_8,Default tag table,Bool,%M21.6,,True,True,True,,
RESET_PUMP_8,Default tag table,Bool,%M21.7,,True,True,True,,
STOP_PUMP_8,Default tag table,Bool,%M22.0,,True,True,True,,
Stop_Pump_temp_9,Default tag table,Bool,%M22.1,,True,True,True,,
RESET_PUMP_9,Default tag table,Bool,%M22.2,,True,True,True,,
STOP_PUMP_9,Default tag table,Bool,%M22.3,,True,True,True,,
START_PUMP_9,Default tag table,Bool,%M22.4,,True,True,True,,
Home_Tranfer,Default tag table,Bool,%M22.5,Home Tranfer,True,True,True,,
Initial_Tranfer,Default tag table,Bool,%M22.7,Initail Tranfer Group,True,True,True,,
Stop_JOG_Tranfer,Default tag table,Bool,%M23.0,Stop Signal Tranfer,True,True,True,,
Up_XL_Lift_1,Default tag table,Bool,%M23.6,Trigger Up Xy Lanh 1,True,True,True,,
Down_XL_Lift_1,Default tag table,Bool,%M23.7,Trigger Down Xy Lạnh 1,True,True,True,,
Down_XL_Lift_2,Default tag table,Bool,%M28.0,Trgger Down XL 2,True,True,True,,
Up_XL_Lift_2,Default tag table,Bool,%M28.1,Trigger Up XL 2,True,True,True,,
Up_XL_Lift_3,Default tag table,Bool,%M28.2,Trigger XL Lift 3,True,True,True,,
Down_XL_Lift_3,Default tag table,Bool,%M28.3,Trigger Down XL Lift 3,True,True,True,,
Up_XL_Lift_4,Default tag table,Bool,%M28.4,Trgger Up XL Lift 4,True,True,True,,
Down_XL_Lift_4,Default tag table,Bool,%M28.5,Trgger Down XL Lift 4,True,True,True,,
Up_XL_Lift_5,Default tag table,Bool,%M28.6,Trgger Up XL Lift 5,True,True,True,,
Down_XL_Lift_5,Default tag table,Bool,%M28.7,Trigger Down XL 5,True,True,True,,
Manual_Up_XL_Lift_1,Default tag table,Bool,%M29.0,Trigger Manual Up XL Lift 1,True,True,True,,
Manual_Down_XL_Lift_1,Default tag table,Bool,%M29.1,Trigger manual Down XL Lift 1,True,True,True,,
Manual_Up_XL_Lift_2,Default tag table,Bool,%M29.2,Trgger Manual Up XL Lift 2,True,True,True,,
Manual_Down_XL_Lift_2,Default tag table,Bool,%M29.3,Trigger Manual Down XL Lift 2,True,True,True,,
Manual_Up_XL_Lift_3,Default tag table,Bool,%M29.4,Trigger Manual Up XL Lift 3,True,True,True,,
Manual_Down_XL_Lift_3,Default tag table,Bool,%M29.5,Trigger Manual Down XL Lift 3,True,True,True,,
Manual_Up_XL_Lift_4,Default tag table,Bool,%M29.6,Trigger Manual Up XL Lift 4,True,True,True,,
Manual_Down_XL_Lift_4,Default tag table,Bool,%M29.7,Trigger Manual Down XL Lift 4,True,True,True,,
Manual_Up_XL_Lift_5,Default tag table,Bool,%M30.0,Trigger Manual Up XL Lift 5,True,True,True,,
Manual_Down_XL_Lift_5,Default tag table,Bool,%M30.1,Trigger Manual Down XL Lift 5,True,True,True,,
Up_XL_Chốt,Default tag table,Bool,%M30.2,Signal Up Xy Lanh Chốt,True,True,True,,
Manual_Up_XL_Chốt_Input,Default tag table,Bool,%M30.3,Trigger manual Up Xy Lanh Chốt In put,True,True,True,,
Down_XL_Chốt,Default tag table,Bool,%M30.4,Trigger Down Xy Lanh Chốt Input,True,True,True,,
Manual_Down_XL_Chốt_Input,Default tag table,Bool,%M30.5,Trigger Manual Down Xy lanh CHót Input,True,True,True,,
Up_XL_Nâng Input,Default tag table,Bool,%M30.6,Trigger Up XL nâng input,True,True,True,,
Manual_Up_XL_Nâng_Input,Default tag table,Bool,%M30.7,Trigger manual up Xy lanh nâng input,True,True,True,,
Down_XL_Nâng Input,Default tag table,Bool,%M31.0,Trigger Down XL Nâng input,True,True,True,,
Manual_Down_XL_Nâng_Input,Default tag table,Bool,%M31.1,Trigger Manual Down XL nâng input,True,True,True,,
Up_XL_Nâng Output,Default tag table,Bool,%M31.2,Trigger Up XL Nâng Input,True,True,True,,
Down_XL_Nâng Output,Default tag table,Bool,%M31.3,Trigger Up XL Nâng Output,True,True,True,,
Manual_Down_XL_Nâng_ Output,Default tag table,Bool,%M31.4,Trigger Manual Down XL Nâng Input,True,True,True,,
CLose_XL_Kẹp_Robot,Default tag table,Bool,%M31.5,Trigger Close XL Kẹp Robot,True,True,True,,
Manual_Close_XL_Kẹp_Robot,Default tag table,Bool,%M31.6,Trigger Manual Close Xl Kẹp Robot,True,True,True,,
Open_XL_Kẹp_Robot,Default tag table,Bool,%M31.7,Trigger Open XL Kẹp Robot,True,True,True,,
Manual_Open_XL_Kẹp_Robot,Default tag table,Bool,%M32.0,Trigger Manual Open XL Kẹp Robot,True,True,True,,
Up_XL_Robot,Default tag table,Bool,%M32.1,Trigger Up XL Robot,True,True,True,,
Manual_Up_XL_Robot,Default tag table,Bool,%M32.2,Trigger Manual Up XL Robot,True,True,True,,
Down_XL_Robot,Default tag table,Bool,%M32.3,Trigger Down XL Robot,True,True,True,,
Manual_Down_XL_Robot,Default tag table,Bool,%M32.4,Trigger Manual Down XL Robot,True,True,True,,
TF1_Position_1,Default tag table,Bool,%M32.7,Signal Detect TF1 at Position 1,True,True,True,,
TF1_Position_2,Default tag table,Bool,%M33.1,Signal Detect Tranfer 1 at Position 2,True,True,True,,
Down_XL_Lift_1_Excute,Default tag table,Bool,%M34.2,Excute Down XL Lift 1,True,True,True,,
Up_XL_Lift_1_Excute,Default tag table,Bool,%M34.6,Excute Up XL Liff 1,True,True,True,,
TF2_Position_1,Default tag table,Bool,%M35.1,Signal Detect TF2 at Possiontion 1,True,True,True,,
TF2_Position_2,Default tag table,Bool,%M35.2,Signal Detect TF2 at Position 2,True,True,True,,
Down_XL_Lift_5_Excute,Default tag table,Bool,%M36.1,Trigger Down XL 5 Excute,True,True,True,,
Up_XL_Lift_5_Excute,Default tag table,Bool,%M36.7,Excute Up XL Lift 5,True,True,True,,
Stop_JOG_Tranfer_1,Default tag table,Bool,%M39.0,,True,True,True,,
Original_TF_2,Default tag table,Bool,%M39.2,,True,True,True,,
Initial_Tranfer_2,Default tag table,Bool,%M44.0,,True,True,True,,
Pick_From4_to_6,Default tag table,Bool,%M46.3,Tín hiều di chuyển Rack từ Bath 4 đến Bath6,True,True,True,,
Pick_From4_to_5,Default tag table,Bool,%M46.4,Tin hiệu di chuyển Rack dến Bath 5,True,True,True,,
Move_Preocess_Robot_Excute,Default tag table,Bool,%M46.7,Biến Khởi Động Chu trình Robot,True,True,True,,
Edge_82,Default tag table,Bool,%M47.0,Temp 82,True,True,True,,
Down_XL_Robot_1,Default tag table,Bool,%M47.7,,True,True,True,,
Manual_Jog + Robot,Default tag table,Bool,%M49.1,Biến Manual Jog,True,True,True,,
Manual_Jog - Robot,Default tag table,Bool,%M49.2,,True,True,True,,
Axis_X_Selection,Default tag table,Bool,%I3.3,,True,True,True,,
Axis_Lift_Selection,Default tag table,Bool,%I3.4,,True,True,True,,
Manual_Jog + Lift,Default tag table,Bool,%M49.3,,True,True,True,,
Manual_Jog - Lift,Default tag table,Bool,%M49.4,,True,True,True,,
Enable_Robot,Default tag table,Bool,%M49.5,,True,True,True,,
Edge_86,Default tag table,Bool,%M49.6,Temp 86,True,True,True,,
Disable_Robot,Default tag table,Bool,%M49.7,,True,True,True,,
Edge_87,Default tag table,Bool,%M50.0,Temp87,True,True,True,,
Enable_Lift,Default tag table,Bool,%M50.1,,True,True,True,,
Edge_88,Default tag table,Bool,%M50.2,Temp 88,True,True,True,,
Disable_Lift,Default tag table,Bool,%M50.3,,True,True,True,,
Edge_89,Default tag table,Bool,%M50.4,Temp 89,True,True,True,,
Manual_Jog_FW_TF1,Default tag table,Bool,%M50.5,,True,True,True,,
Edge_90,Default tag table,Bool,%M50.6,Temp 90,True,True,True,,
Edge_91,Default tag table,Bool,%M50.7,Temp 91,True,True,True,,
Manual_Jog_BW_TF1,Default tag table,Bool,%M51.0,,True,True,True,,
Edge_92,Default tag table,Bool,%M51.1,,True,True,True,,
Edge_93,Default tag table,Bool,%M51.2,,True,True,True,,
Manual_Jog_FW_TF2,Default tag table,Bool,%M51.3,,True,True,True,,
Manual_Jog_BW_TF2,Default tag table,Bool,%M51.4,,True,True,True,,
Edge_94,Default tag table,Bool,%M51.5,Temp 94,True,True,True,,
Edge_95,Default tag table,Bool,%M51.6,Temp96,True,True,True,,
Edge_96,Default tag table,Bool,%M51.7,Temp 96,True,True,True,,
Edge_97,Default tag table,Bool,%M52.0,Temp 97,True,True,True,,
Manual_Jog_FW_Lift1,Default tag table,Bool,%M52.1,,True,True,True,,
Manual_Jog_BW_Lift1,Default tag table,Bool,%M52.2,,True,True,True,,
Edge_98,Default tag table,Bool,%M52.3,,True,True,True,,
Edge_99,Default tag table,Bool,%M52.4,,True,True,True,,
Edge_100,Default tag table,Bool,%M52.5,,True,True,True,,
Edge_101,Default tag table,Bool,%M52.6,,True,True,True,,
Manual_Jog_FW_Lift2,Default tag table,Bool,%M52.7,,True,True,True,,
Manual_Jog_BW_Lift2,Default tag table,Bool,%M53.0,,True,True,True,,
Edge_102,Default tag table,Bool,%M53.1,,True,True,True,,
Edge_103,Default tag table,Bool,%M53.2,,True,True,True,,
Edge_104,Default tag table,Bool,%M53.3,,True,True,True,,
Edge_105,Default tag table,Bool,%M53.4,,True,True,True,,
Manual_Jog_FW_Lift3,Default tag table,Bool,%M53.5,,True,True,True,,
Manual_Jog_BW_Lift3,Default tag table,Bool,%M53.6,,True,True,True,,
Edge_106,Default tag table,Bool,%M53.7,,True,True,True,,
Edge_107,Default tag table,Bool,%M54.0,,True,True,True,,
Edge_108,Default tag table,Bool,%M54.1,,True,True,True,,
Edge_109,Default tag table,Bool,%M54.2,,True,True,True,,
Edge_110,Default tag table,Bool,%M54.3,temp 110,True,True,True,,
Edge_111,Default tag table,Bool,%M54.4,Temp 111,True,True,True,,
Edge_112,Default tag table,Bool,%M54.5,Temp 112,True,True,True,,
Edge_113,Default tag table,Bool,%M54.6,Temp 113,True,True,True,,
Manual_Run_FW_TF2,Default tag table,Bool,%M54.7,,True,True,True,,
Manual_Run_BW_TF2,Default tag table,Bool,%M55.0,,True,True,True,,
Manual_RUN_FW_Lift1,Default tag table,Bool,%M55.1,,True,True,True,,
Manual_RUN_BW_Lift1,Default tag table,Bool,%M55.2,,True,True,True,,
Edge_114,Default tag table,Bool,%M55.3,,True,True,True,,
Edge_115,Default tag table,Bool,%M55.4,,True,True,True,,
Edge_116,Default tag table,Bool,%M55.5,,True,True,True,,
Edge_117,Default tag table,Bool,%M55.6,,True,True,True,,
Manual_RUN_FW_Lift2,Default tag table,Bool,%M55.7,,True,True,True,,
Manual_RUN_BW_Lift2,Default tag table,Bool,%M56.0,,True,True,True,,
Edge_118,Default tag table,Bool,%M56.1,,True,True,True,,
Edge_119,Default tag table,Bool,%M56.2,,True,True,True,,
Edge_120,Default tag table,Bool,%M56.3,,True,True,True,,
Edge_121,Default tag table,Bool,%M56.4,,True,True,True,,
Manual_RUN_FW_Lift3,Default tag table,Bool,%M56.5,,True,True,True,,
Manual_RUN_BW_Lift3,Default tag table,Bool,%M56.6,,True,True,True,,
Edge_122,Default tag table,Bool,%M56.7,,True,True,True,,
Edge_123,Default tag table,Bool,%M57.0,,True,True,True,,
Edge_124,Default tag table,Bool,%M57.1,,True,True,True,,
Edge_125,Default tag table,Bool,%M57.2,,True,True,True,,
Manual_Run_FW_TF1,Default tag table,Bool,%M57.3,,True,True,True,,
Manual_Run_BW_TF1,Default tag table,Bool,%M57.4,,True,True,True,,
Edge_126,Default tag table,Bool,%M57.5,,True,True,True,,
Edge_127,Default tag table,Bool,%M57.6,,True,True,True,,
Edge_128,Default tag table,Bool,%M57.7,,True,True,True,,
Edge_129,Default tag table,Bool,%M58.0,,True,True,True,,
Brake_Lift,Default tag table,Bool,%Q4.2,,True,True,True,,
Brake_Disable,Default tag table,Bool,%M58.1,,True,True,True,,
Pump_9_On,Default tag table,Bool,%M58.2,,True,True,True,,
Man_pump_9_on,Default tag table,Bool,%M58.3,,True,True,True,,
Pump_8_On,Default tag table,Bool,%M58.7,,True,True,True,,
Man_pump_8_on,Default tag table,Bool,%M59.0,,True,True,True,,
Pump_7_On,Default tag table,Bool,%M59.1,,True,True,True,,
Man_pump_7_on,Default tag table,Bool,%M59.2,,True,True,True,,
Pump_6_On,Default tag table,Bool,%M59.3,,True,True,True,,
Man_pump_6_on,Default tag table,Bool,%M59.4,,True,True,True,,
Pump_5_On,Default tag table,Bool,%M59.5,,True,True,True,,
Man_pump_5_on,Default tag table,Bool,%M59.6,,True,True,True,,
Pump_4_On,Default tag table,Bool,%M59.7,,True,True,True,,
Man_pump_4_on,Default tag table,Bool,%M60.0,,True,True,True,,
Pump_3_On,Default tag table,Bool,%M60.1,,True,True,True,,
Man_pump_3_on,Default tag table,Bool,%M60.2,,True,True,True,,
Pump_2_On,Default tag table,Bool,%M60.3,,True,True,True,,
Man_pump_2_on,Default tag table,Bool,%M60.4,,True,True,True,,
Pump_1_On,Default tag table,Bool,%M60.5,,True,True,True,,
Man_pump_1_on,Default tag table,Bool,%M60.6,,True,True,True,,
On_Robot,Default tag table,Bool,%M61.5,,True,True,True,,
Auto_ON_Robot,Default tag table,Bool,%M61.6,,True,True,True,,
Off_Robot,Default tag table,Bool,%M61.7,,True,True,True,,
Auto_Off_Robot,Default tag table,Bool,%M62.0,,True,True,True,,
On_Lift,Default tag table,Bool,%M62.1,,True,True,True,,
Auto_ON_Lift,Default tag table,Bool,%M62.2,,True,True,True,,
Off_Lift,Default tag table,Bool,%M62.3,,True,True,True,,
Auto_Off_Lift,Default tag table,Bool,%M62.4,,True,True,True,,
Lift_Rack_Up,Default tag table,Bool,%M62.5,Kich Servo Lift Rack Up,True,True,True,,
Edge_135,Default tag table,Bool,%M62.6,,True,True,True,,
Lift_Rack_Down,Default tag table,Bool,%M62.7,,True,True,True,,
Edge_136,Default tag table,Bool,%M63.0,,True,True,True,,
Move_Lift_to_PStart,Default tag table,Bool,%M63.1,,True,True,True,,
Edge_137,Default tag table,Bool,%M63.2,,True,True,True,,
Manual_Home_X,Default tag table,Bool,%M63.3,,True,True,True,,
Edge_138,Default tag table,Bool,%M63.4,,True,True,True,,
Auto_Home_X,Default tag table,Bool,%M63.5,,True,True,True,,
Edge_139,Default tag table,Bool,%M63.6,,True,True,True,,
Manual_Home_Lift,Default tag table,Bool,%M63.7,,True,True,True,,
Auto_Home_Lift,Default tag table,Bool,%M64.0,,True,True,True,,
Up_XL_Lift_1_Init,Default tag table,Bool,%M64.2,,True,True,True,,
Up_XL_Lift_2_Init,Default tag table,Bool,%M64.3,,True,True,True,,
Up_XL_Lift_3_Init,Default tag table,Bool,%M64.4,,True,True,True,,
Up_XL_Lift_4_Init,Default tag table,Bool,%M64.5,,True,True,True,,
Up_XL_Lift_5_Init,Default tag table,Bool,%M64.6,,True,True,True,,
Down_XL_Nâng Input_Init,Default tag table,Bool,%M64.7,,True,True,True,,
Move_From5_to_6,Default tag table,Bool,%M65.0,,True,True,True,,
Begin_Trip_Area_Robot,Default tag table,Bool,%M65.1,,True,True,True,,
Up_XL_Lift_2_Robot_Trip_Done,Default tag table,Bool,%M65.4,,True,True,True,,
Move_From4_to_6,Default tag table,Bool,%M65.7,,True,True,True,,
Press_Input_Rack,Default tag table,Bool,%I3.6,,True,True,True,,
Motor Băng tải Input_2,Default tag table,Bool,%Q4.3,,True,True,True,,
Run_FW_Conveyor_Input,Default tag table,Bool,%M83.2,,True,True,True,,
Run_BW_Conveyor_Input,Default tag table,Bool,%M83.3,,True,True,True,,
Run_FW_Conveyor_Output,Default tag table,Bool,%M83.4,,True,True,True,,
Stop_RunFW_Conveyor_Input,Default tag table,Bool,%M83.5,,True,True,True,,
Up_XL_Nâng Output_Init,Default tag table,Bool,%M96.2,,True,True,True,,
Wait_Lift_Input_Down,Default tag table,Bool,%M96.3,,True,True,True,,
Wait_To_Confirm_Down_input,Default tag table,Bool,%M96.4,,True,True,True,,
Stop_Wait_Confirm_Input,Default tag table,Bool,%M96.5,,True,True,True,,
Wait_To_Have_Rack,Default tag table,Bool,%M96.7,,True,True,True,,
Stop_Wait_Have_Rack,Default tag table,Bool,%M97.0,,True,True,True,,
Enable_Robot_Manual,Default tag table,Bool,%M97.1,,True,True,True,,
Edge_142,Default tag table,Bool,%M97.2,,True,True,True,,
Disable_Robot_Manual,Default tag table,Bool,%M97.3,,True,True,True,,
Edge_143,Default tag table,Bool,%M97.4,,True,True,True,,
Enable_Lift_Manual,Default tag table,Bool,%M97.5,,True,True,True,,
Edge_144,Default tag table,Bool,%M97.6,,True,True,True,,
Disable_Lift_Manual,Default tag table,Bool,%M97.7,,True,True,True,,
Edge_145,Default tag table,Bool,%M98.0,,True,True,True,,
Manual_Run_FW_Input_Conveyor,Default tag table,Bool,%M98.1,,True,True,True,,
Manual_Run_BW_Input_Conveyor,Default tag table,Bool,%M98.2,,True,True,True,,
Manual_RunFW_Output_Conveyor,Default tag table,Bool,%M98.3,,True,True,True,,
ERROR_STATE,Default tag table,Bool,%M98.4,,True,True,True,,
STOP_STATE,Default tag table,Bool,%M98.5,,True,True,True,,
FIXED_ERROR,Default tag table,Bool,%M98.6,,True,True,True,,
SS Limit 2 Tranfer1,Default tag table,Bool,%I2.0,,True,True,True,,
SS Limit 2 Tranfer2,Default tag table,Bool,%I2.2,,True,True,True,,
SS Limit 3 Tranfer2,Default tag table,Bool,%I3.5,,True,True,True,,
Edge_146,Default tag table,Bool,%M38.2,,True,True,True,,
Invalid_Vector,Default tag table,Bool,%M98.7,,True,True,True,,
Invalid_Vector_1,Default tag table,Bool,%M99.0,,True,True,True,,
Edge_147,Default tag table,Bool,%M99.1,,True,True,True,,
Finish_Home_TF1,Default tag table,Bool,%M99.2,,True,True,True,,
Finish_Home_TF1_1,Default tag table,Bool,%M99.3,,True,True,True,,
Edge_148,Default tag table,Bool,%M99.4,,True,True,True,,
Edge_149,Default tag table,Bool,%M99.5,,True,True,True,,
Original_TF_1,Default tag table,Bool,%M99.6,,True,True,True,,
Manual_Read_Data_Tranfer,Default tag table,Bool,%M99.7,,True,True,True,,
Edge_150,Default tag table,Bool,%M100.0,,True,True,True,,
Edge_151,Default tag table,Bool,%M100.1,,True,True,True,,
Edge_152,Default tag table,Bool,%M100.2,,True,True,True,,
Edge_153,Default tag table,Bool,%M100.3,,True,True,True,,
Edge_154,Default tag table,Bool,%M100.4,,True,True,True,,
Edge_155,Default tag table,Bool,%M100.5,,True,True,True,,
Invalid_2_Vector,Default tag table,Bool,%M100.6,,True,True,True,,
Invalid_2_Vector_1,Default tag table,Bool,%M100.7,,True,True,True,,
Finish_Home_TF2,Default tag table,Bool,%M101.0,,True,True,True,,
Finish_Home_TF2_1,Default tag table,Bool,%M101.1,,True,True,True,,
EMG_TF,Default tag table,Bool,%M101.4,,True,True,True,,
Manual_Home_TF1,Default tag table,Bool,%M101.5,,True,True,True,,
Manual_Home_TF2,Default tag table,Bool,%M101.6,,True,True,True,,
Edge_158,Default tag table,Bool,%M101.7,,True,True,True,,
Edge_159,Default tag table,Bool,%M102.0,,True,True,True,,
TF2_Position_3,Default tag table,Bool,%M102.3,,True,True,True,,
Edge_162,Default tag table,Bool,%M102.4,,True,True,True,,
EMG_SERVO_X,Default tag table,Bool,%M102.5,,True,True,True,,
Edge_163,Default tag table,Bool,%M102.6,,True,True,True,,
EMG_SERVO_LIFT,Default tag table,Bool,%M102.7,,True,True,True,,
Manual_Up_XL_Nâng_Output,Default tag table,Bool,%M103.0,,True,True,True,,
Open_VanDI,Default tag table,Bool,%M103.3,,True,True,True,,
Manual_On_DI,Default tag table,Bool,%M103.4,,True,True,True,,
Close_VanDI,Default tag table,Bool,%M103.5,,True,True,True,,
Manual_Off_DI,Default tag table,Bool,%M103.6,,True,True,True,,
Open_VanRO,Default tag table,Bool,%M103.7,,True,True,True,,
Manual_On_RO,Default tag table,Bool,%M104.0,,True,True,True,,
Close_VanRO,Default tag table,Bool,%M104.1,,True,True,True,,
Manual_Off_RO,Default tag table,Bool,%M104.2,,True,True,True,,
Test_ss,Default tag table,Bool,%M104.3,,True,True,True,,
Edge_164,Default tag table,Bool,%M105.5,,True,True,True,,
Edge_165,Default tag table,Bool,%M105.6,,True,True,True,,
Edge_166,Default tag table,Bool,%M105.7,,True,True,True,,
Read_val,Default tag table,Real,%MD106,,True,True,True,,
Flow_1,Default tag table,Word,%IW64,,True,True,True,,
OUT_SCALE,Default tag table,Real,%MD110,,True,True,True,,
Flow_Value_1,Default tag table,UInt,%MW114,,True,True,True,,
Flow_2,Default tag table,Word,%IW66,,True,True,True,,
Flow_Value_2,Default tag table,UInt,%MW116,,True,True,True,,
Read_val_1,Default tag table,Real,%MD118,,True,True,True,,
OUT_SCALE_1,Default tag table,Real,%MD122,,True,True,True,,
Current_Position_X,Default tag table,Int,%MW128,,True,True,True,,
Current_Position_Lift,Default tag table,Int,%MW130,,True,True,True,,
Sync_Position,Default tag table,Bool,%M126.1,,True,True,True,,
Trigger_Run_Convey_Out,Default tag table,Bool,%M126.2,,True,True,True,,
Begin_Trip_A3,Default tag table,Bool,%M126.5,,True,True,True,,
Begin_Trip_A1,Default tag table,Bool,%M126.6,,True,True,True,,
Check_Tranfer_At_P1,Default tag table,Bool,%M127.0,,True,True,True,,
Stop_Check_Tranfer,Default tag table,Bool,%M127.1,,True,True,True,,
Edge_168,Default tag table,Bool,%M127.2,,True,True,True,,
Edge_169,Default tag table,Bool,%M127.3,,True,True,True,,
testsend,Default tag table,Bool,%M127.4,,True,True,True,,
Edge_170,Default tag table,Bool,%M127.5,,True,True,True,,
End_Move_Conveyor_CW,Default tag table,Bool,%M127.6,,True,True,True,,
Move_Point_X_Man,Default tag table,Bool,%M127.7,,True,True,True,,
Edge_171,Default tag table,Bool,%M132.0,,True,True,True,,
Edge_172,Default tag table,Bool,%M132.1,,True,True,True,,
Move_Point_LIFT_Man,Default tag table,Bool,%M132.2,,True,True,True,,
Manual_On_UltraS_1,Default tag table,Bool,%M132.3,,True,True,True,,
Manual_On_UltraS_2,Default tag table,Bool,%M132.4,,True,True,True,,
Manual_On_UltraS_3,Default tag table,Bool,%M132.5,,True,True,True,,
Manual_On_UltraS_4,Default tag table,Bool,%M132.6,,True,True,True,,
Manual_On_UltraS_5,Default tag table,Bool,%M132.7,,True,True,True,,
Manual_On_UltraS_6,Default tag table,Bool,%M133.0,,True,True,True,,
Manual_On_UltraS_7,Default tag table,Bool,%M133.1,,True,True,True,,
Manual_On_UltraS_8,Default tag table,Bool,%M133.2,,True,True,True,,
Manual_On_UltraS_9,Default tag table,Bool,%M133.3,,True,True,True,,
Run_BW_Conveyor_Output,Default tag table,Bool,%M133.4,,True,True,True,,
Manual_RunBW_Output_Conveyor,Default tag table,Bool,%M133.5,,True,True,True,,
Motor_Băng_Tải_Output_1,Default tag table,Bool,%Q5.6,,True,True,True,,
Motor_Băng_Tải_Output_2,Default tag table,Bool,%Q5.7,,True,True,True,,
Run_to_P3_TF2,Default tag table,Bool,%M133.6,,True,True,True,,
Edge_173,Default tag table,Bool,%M133.7,,True,True,True,,
Edge_174,Default tag table,Bool,%M134.0,,True,True,True,,
Edge_175,Default tag table,Bool,%M134.1,,True,True,True,,
Edge_176,Default tag table,Bool,%M134.2,,True,True,True,,
Edge_177,Default tag table,Bool,%M134.3,,True,True,True,,
Edge_178,Default tag table,Bool,%M134.4,,True,True,True,,
Edge_179,Default tag table,Bool,%M134.5,,True,True,True,,
Edge_180,Default tag table,Bool,%M134.6,,True,True,True,,
Run_to_P2_TF2,Default tag table,Bool,%M134.7,,True,True,True,,
Edge_181,Default tag table,Bool,%M135.0,,True,True,True,,
Edge_182,Default tag table,Bool,%M135.1,,True,True,True,,
Edge_185,Default tag table,Bool,%M135.4,,True,True,True,,
Edge_186,Default tag table,Bool,%M135.5,,True,True,True,,
Run_to_P1_TF2,Default tag table,Bool,%M136.0,,True,True,True,,
Edge_189,Default tag table,Bool,%M136.1,,True,True,True,,
Edge_190,Default tag table,Bool,%M136.2,,True,True,True,,
Edge_191,Default tag table,Bool,%M136.3,,True,True,True,,
Edge_192,Default tag table,Bool,%M136.4,,True,True,True,,
Run_to_P1_TF1,Default tag table,Bool,%M136.5,,True,True,True,,
Edge_193,Default tag table,Bool,%M136.6,,True,True,True,,
Edge_194,Default tag table,Bool,%M136.7,,True,True,True,,
Edge_195,Default tag table,Bool,%M137.0,,True,True,True,,
Edge_196,Default tag table,Bool,%M137.1,,True,True,True,,
Run_to_P2_TF1,Default tag table,Bool,%M137.2,,True,True,True,,
Edge_197,Default tag table,Bool,%M137.3,,True,True,True,,
Edge_198,Default tag table,Bool,%M137.4,,True,True,True,,
Edge_201,Default tag table,Bool,%M137.7,,True,True,True,,
Edge_202,Default tag table,Bool,%M138.0,,True,True,True,,
Edge_205,Default tag table,Bool,%M138.3,,True,True,True,,
Edge_207,Default tag table,Bool,%M138.5,,True,True,True,,
Edge_208,Default tag table,Bool,%M138.6,,True,True,True,,
Edge_209,Default tag table,Bool,%M138.7,,True,True,True,,
Result_Check,Default tag table,Int,%MW140,,True,True,True,,
ERROR_S,Default tag table,Bool,%M139.0,,True,True,True,,
Edge_211,Default tag table,Bool,%M139.2,,True,True,True,,
Edge_212,Default tag table,Bool,%M139.3,,True,True,True,,
Up_XL_Robot_Init,Default tag table,Bool,%M139.4,,True,True,True,,
Reset_Done,Default tag table,Bool,%M139.5,,True,True,True,,
Edge_213,Default tag table,Bool,%M139.6,,True,True,True,,
Test_Rack_In,Default tag table,Bool,%M139.7,,True,True,True,,
Wait_Up_Robot,Default tag table,Bool,%M142.0,,True,True,True,,
Wait_Confirm,Default tag table,Bool,%M142.1,,True,True,True,,
Trgger_Home_X,Default tag table,Bool,%M142.2,,True,True,True,,
Check_Wait,Default tag table,Bool,%M142.3,,True,True,True,,
Wait_Home_TF,Default tag table,Bool,%M142.4,,True,True,True,,
Edge_214,Default tag table,Bool,%M142.5,,True,True,True,,
stp1,Default tag table,Bool,%M142.6,,True,True,True,,
stp2,Default tag table,Bool,%M142.7,,True,True,True,,
stp10,Default tag table,Bool,%M143.6,,True,True,True,,
stp9,Default tag table,Bool,%M143.7,,True,True,True,,
rs_dem,Default tag table,Bool,%M144.3,,True,True,True,,
Down_XL_Robot_Pro1,Default tag table,Bool,%M144.7,,True,True,True,,
CLose_XL_Kẹp_Robot_Pro1,Default tag table,Bool,%M145.0,,True,True,True,,
Up_XL_Robot_Pro1,Default tag table,Bool,%M145.1,,True,True,True,,
Down_XL_Robot_1_Pro1,Default tag table,Bool,%M145.4,,True,True,True,,
Up_XL_Robot_Pro1_1,Default tag table,Bool,%M146.1,,True,True,True,,
Edge_220,Default tag table,Bool,%M147.0,,True,True,True,,
Up_XL_Lift_Robot_Pro1,Default tag table,Bool,%M148.0,,True,True,True,,
Edge_225,Default tag table,Bool,%M149.6,,True,True,True,,
Move_FW,Default tag table,Bool,%M149.7,,True,True,True,,
Move_BW,Default tag table,Bool,%M150.0,,True,True,True,,
TF2_Move_FW,Default tag table,Bool,%M150.1,,True,True,True,,
TF2_Move_BW,Default tag table,Bool,%M150.2,,True,True,True,,
Begin_4to6,Default tag table,Bool,%M150.3,,True,True,True,,
Edge_226,Default tag table,Bool,%M150.4,,True,True,True,,
Open_Robot_Bath4,Default tag table,Bool,%M150.5,,True,True,True,,
Down_Robot_Bath4,Default tag table,Bool,%M150.6,,True,True,True,,
Close_Robot_Bath4,Default tag table,Bool,%M150.7,,True,True,True,,
Up_XL_Robot_Bath4,Default tag table,Bool,%M151.1,,True,True,True,,
Next_1,Default tag table,Bool,%M151.3,,True,True,True,,
Edge_227,Default tag table,Bool,%M151.4,,True,True,True,,
Next_2,Default tag table,Bool,%M151.5,,True,True,True,,
Down_Robot_Bath6,Default tag table,Bool,%M151.6,,True,True,True,,
Open_Robot_Bath6,Default tag table,Bool,%M151.7,,True,True,True,,
Up_Robot_Bath6,Default tag table,Bool,%M152.0,,True,True,True,,
Next_3,Default tag table,Bool,%M152.1,,True,True,True,,
Edge_228,Default tag table,Bool,%M152.2,,True,True,True,,
Grab_Excute,Default tag table,Bool,%M152.3,,True,True,True,,
Down_XL_Robot_Excute,Default tag table,Bool,%M152.4,,True,True,True,,
CLose_XL_Kẹp_Robot_Excute,Default tag table,Bool,%M152.5,,True,True,True,,
Up_XL_Robot_Excute,Default tag table,Bool,%M152.6,,True,True,True,,
Grabed,Default tag table,Bool,%M152.7,,True,True,True,,
Grab_Done,Default tag table,Bool,%M153.0,,True,True,True,,
Put_Excute,Default tag table,Bool,%M153.1,,True,True,True,,
Down_XL_Robot_Excute_Put,Default tag table,Bool,%M153.2,,True,True,True,,
Open_XL_Kẹp_Robot_Excute,Default tag table,Bool,%M153.3,,True,True,True,,
Put_Excuted,Default tag table,Bool,%M153.4,,True,True,True,,
Up_XL_Robot_Excute_Put,Default tag table,Bool,%M153.5,,True,True,True,,
Put_Done,Default tag table,Bool,%M153.6,,True,True,True,,
Move_To_P2_Robot_process,Default tag table,Bool,%M153.7,,True,True,True,,
Edge_229,Default tag table,Bool,%M154.0,,True,True,True,,
Put_Command,Default tag table,Bool,%M154.1,,True,True,True,,
Edge_230,Default tag table,Bool,%M154.2,,True,True,True,,
Move_To_Start_Command,Default tag table,Bool,%M154.3,,True,True,True,,
Edge_231,Default tag table,Bool,%M154.4,,True,True,True,,
Grab_Command,Default tag table,Bool,%M154.5,,True,True,True,,
Edge_232,Default tag table,Bool,%M154.6,,True,True,True,,
Open_Robot_ExCute,Default tag table,Bool,%M154.7,,True,True,True,,
Begin Process_Trip_Robot,Default tag table,Bool,%M155.1,,True,True,True,,
Down_Group_XL_Robot,Default tag table,Bool,%M155.2,,True,True,True,,
Trip_Robot_Start,Default tag table,Bool,%M155.3,,True,True,True,,
Next_Trip_Robot_process,Default tag table,Bool,%M155.4,,True,True,True,,
Up_Group_XL_Robot,Default tag table,Bool,%M155.5,,True,True,True,,
Trip_Robot_Area_Done,Default tag table,Bool,%M155.6,,True,True,True,,
Begin_Trip_Area_1,Default tag table,Bool,%M155.7,,True,True,True,,
Down_XL_Lift_1_Trip,Default tag table,Bool,%M156.0,,True,True,True,,
Next_Trip_Area_1,Default tag table,Bool,%M156.2,,True,True,True,,
Trip_Area_1_Start,Default tag table,Bool,%M156.3,,True,True,True,,
Up_XL_Lift_1_Trip,Default tag table,Bool,%M156.4,,True,True,True,,
Trip_Area_1_Done,Default tag table,Bool,%M156.5,,True,True,True,,
Begin_Trip_Area_3,Default tag table,Bool,%M156.6,,True,True,True,,
Down_XL_Lift_5_Trip,Default tag table,Bool,%M156.7,,True,True,True,,
Trip_Area_3_Start,Default tag table,Bool,%M157.0,,True,True,True,,
Next_Trip_Area_3,Default tag table,Bool,%M157.1,,True,True,True,,
Up_XL_Lift_5_Trip,Default tag table,Bool,%M157.2,,True,True,True,,
Trip_Area_3_Done,Default tag table,Bool,%M157.3,,True,True,True,,
Begin_Tranfer_Area_1,Default tag table,Bool,%M157.4,,True,True,True,,
Edge_233,Default tag table,Bool,%M157.5,,True,True,True,,
Tranfer_1_Done,Default tag table,Bool,%M157.6,,True,True,True,,
Begin_Tranfer_Area_3,Default tag table,Bool,%M157.7,,True,True,True,,
Edge_234,Default tag table,Bool,%M158.0,,True,True,True,,
Wait_TF_1_Done,Default tag table,Bool,%M158.1,,True,True,True,,
Wait_TF_2_Done,Default tag table,Bool,%M158.2,,True,True,True,,
Tranfer_2_Done,Default tag table,Bool,%M158.3,,True,True,True,,
Begin_Turn_Back_TF_1,Default tag table,Bool,%M158.4,,True,True,True,,
Edge_235,Default tag table,Bool,%M158.5,,True,True,True,,
Wait_Back_TF_1,Default tag table,Bool,%M158.6,,True,True,True,,
Tranfer_1_Back_Done,Default tag table,Bool,%M158.7,,True,True,True,,
Begin_Turn_Back_TF_2,Default tag table,Bool,%M159.0,,True,True,True,,
Edge_236,Default tag table,Bool,%M159.1,,True,True,True,,
Wait_Back_TF_2,Default tag table,Bool,%M159.2,,True,True,True,,
Tranfer_2_Back_Done,Default tag table,Bool,%M159.3,,True,True,True,,
Begin_Turn_Back_P3_TF_2,Default tag table,Bool,%M159.4,,True,True,True,,
Wait_Back_P3_TF_2,Default tag table,Bool,%M159.5,,True,True,True,,
Tranfer_2_Back_P3_Done,Default tag table,Bool,%M159.6,,True,True,True,,
Edge_237,Default tag table,Bool,%M159.7,,True,True,True,,
Begin_Tranfer_Robot,Default tag table,Bool,%M160.0,,True,True,True,,
Edge_238,Default tag table,Bool,%M160.1,,True,True,True,,
Edge_239,Default tag table,Bool,%M160.2,,True,True,True,,
Edge_240,Default tag table,Bool,%M160.3,,True,True,True,,
Edge_241,Default tag table,Bool,%M160.4,,True,True,True,,
Trigger_Done_Move_Robot,Default tag table,Bool,%M160.6,,True,True,True,,
Edge_243,Default tag table,Bool,%M160.7,,True,True,True,,
Up_XL_Lift4_ForArea_3_Done,Default tag table,Bool,%M161.1,,True,True,True,,
Wait_to_back_TF2,Default tag table,Bool,%M161.2,,True,True,True,,
Edge_244,Default tag table,Bool,%M161.3,,True,True,True,,
Edge_245,Default tag table,Bool,%M161.4,,True,True,True,,
Edge_246,Default tag table,Bool,%M161.5,,True,True,True,,
Down_XL_Nâng Output_Trip_3,Default tag table,Bool,%M161.6,,True,True,True,,
Up_XL_Nâng_Output_Trip_3,Default tag table,Bool,%M161.7,,True,True,True,,
Up_XL_Lift_2_Robot,Default tag table,Bool,%M162.0,,True,True,True,,
Up_XL_Lift_4_Robot,Default tag table,Bool,%M162.1,,True,True,True,,
Up_XL_Lift_3_Robot,Default tag table,Bool,%M162.2,,True,True,True,,
Edge_247,Default tag table,Bool,%M162.3,,True,True,True,,
Is_First,Default tag table,Bool,%M162.4,,True,True,True,,
Signal_Start_Process,Default tag table,Bool,%M162.5,,True,True,True,,
Leave_P2_TF1,Default tag table,Bool,%M163.0,,True,True,True,,
Begin_Tranfer_Robot_2,Default tag table,Bool,%M163.1,,True,True,True,,
Edge_250,Default tag table,Bool,%M163.2,,True,True,True,,
Up_XL_Lift_3_Robot_V2,Default tag table,Bool,%M163.3,,True,True,True,,
Up_XL_Lift_4_Robot_V2,Default tag table,Bool,%M163.4,,True,True,True,,
Edge_251,Default tag table,Bool,%M163.5,,True,True,True,,
Edge_252,Default tag table,Bool,%M163.6,,True,True,True,,
Edge_253,Default tag table,Bool,%M163.7,,True,True,True,,
Edge_254,Default tag table,Bool,%M164.0,,True,True,True,,
TF2_On_Process,Default tag table,Bool,%M164.1,,True,True,True,,
Edge_255,Default tag table,Bool,%M164.2,,True,True,True,,
Edge_256,Default tag table,Bool,%M164.3,,True,True,True,,
Edge_257,Default tag table,Bool,%M164.4,,True,True,True,,
Edge_259,Default tag table,Bool,%M164.6,,True,True,True,,
Edge_260,Default tag table,Bool,%M164.7,,True,True,True,,
Down_XL_Nâng Input_Trip1,Default tag table,Bool,%M165.0,,True,True,True,,
Edge_261,Default tag table,Bool,%M165.1,,True,True,True,,
Down_XL_Nang_Output_TF3,Default tag table,Bool,%M165.2,,True,True,True,,
Sim_Convey_1,Default tag table,Bool,%M165.3,Biến Manual Sensor Input 1,True,True,True,,
Wait_Conveyor,Default tag table,Bool,%M165.4,,True,True,True,,
Run_BW_Conveyor_Input_TF1_Trigger,Default tag table,Bool,%M165.5,,True,True,True,,
Init_CV_Input,Default tag table,Bool,%M165.6,,True,True,True,,
Run_BW_CV_Input,Default tag table,Bool,%M165.7,,True,True,True,,
Wait_Init_Convey,Default tag table,Bool,%M166.0,,True,True,True,,
Down_XL_Nâng Input_Init_2,Default tag table,Bool,%M166.1,,True,True,True,,
SS Position1 CV Output,Default tag table,Bool,%I10.0,,True,True,True,,
SS Position2 CV Output,Default tag table,Bool,%I10.1,,True,True,True,,
Init_CV_Output,Default tag table,Bool,%M166.2,,True,True,True,,
Run_BW_CV_Output,Default tag table,Bool,%M166.3,,True,True,True,,
Wait_Init_Convey_Out,Default tag table,Bool,%M166.4,,True,True,True,,
Up_XL_Nâng Output_Init_2,Default tag table,Bool,%M166.5,,True,True,True,,
Move_ConveyOut_BW_Excute,Default tag table,Bool,%M166.7,,True,True,True,,
Wait_5s,Default tag table,Bool,%M170.0,,True,True,True,,
Stop_Wait_5s,Default tag table,Bool,%M170.1,,True,True,True,,
Enable_All_Servo,Default tag table,Bool,%M170.2,,True,True,True,,
Stop_Enable_Servo,Default tag table,Bool,%M170.3,,True,True,True,,
Repair,Default tag table,Bool,%M170.4,,True,True,True,,
Edge_269,Default tag table,Bool,%M170.5,,True,True,True,,
Edge_270,Default tag table,Bool,%M170.6,,True,True,True,,
Edge_271,Default tag table,Bool,%M170.7,,True,True,True,,
Edge_272,Default tag table,Bool,%M171.0,,True,True,True,,
emg_test,Default tag table,Bool,%M171.1,,True,True,True,,
PC_Detected_Rack,Default tag table,Bool,%M167.0,,True,True,True,,
Wait_Reset_Detect_Signal,Default tag table,Bool,%M171.2,,True,True,True,,
Run_FW_CV_Input,Default tag table,Bool,%M171.3,,True,True,True,,
BW_CV_output_cmd,Default tag table,Bool,%M171.4,,True,True,True,,
Move_rack_out_cmd,Default tag table,Bool,%M171.5,,True,True,True,,
Move_Pick_Rack_CV,Default tag table,Bool,%M171.7,,True,True,True,,
Pull_Rack_Out_CV,Default tag table,Bool,%M172.0,,True,True,True,,
Run_BW_Conveyor_Input_To_Get_rack,Default tag table,Bool,%M172.5,,True,True,True,,
Wait_BW_CV_In,Default tag table,Bool,%M172.6,,True,True,True,,
Edge_275,Default tag table,Bool,%M172.7,,True,True,True,,
Push_RacK_to_XL_input,Default tag table,Bool,%M173.0,,True,True,True,,
Edge_276,Default tag table,Bool,%M173.3,,True,True,True,,
Edge_277,Default tag table,Bool,%M173.4,,True,True,True,,
Edge_280,Default tag table,Bool,%M173.7,,True,True,True,,
Edge_281,Default tag table,Bool,%M174.0,,True,True,True,,
MoveRack789_10,Default tag table,Bool,%M174.1,,True,True,True,,
Edge_282,Default tag table,Bool,%M174.2,,True,True,True,,
TripDoneRack_789_10,Default tag table,Bool,%M174.3,,True,True,True,,
MoveRack456,Default tag table,Bool,%M174.5,,True,True,True,,
TripRackDone456,Default tag table,Bool,%M174.6,,True,True,True,,
Edge_283,Default tag table,Bool,%M175.1,,True,True,True,,
MoveRack123,Default tag table,Bool,%M175.2,,True,True,True,,
Edge_284,Default tag table,Bool,%M175.3,,True,True,True,,
TripDoneRack123,Default tag table,Bool,%M175.4,,True,True,True,,
Edge_285,Default tag table,Bool,%M175.5,,True,True,True,,
Edge_286,Default tag table,Bool,%M175.6,,True,True,True,,
Run_ICV_to_P1,Default tag table,Bool,%M175.7,,True,True,True,,
Run_ICV_to_P2,Default tag table,Bool,%M176.0,,True,True,True,,
CVI_FW,Default tag table,Bool,%M176.1,,True,True,True,,
CVI_BW,Default tag table,Bool,%M176.2,,True,True,True,,
Run_OCV_to_P1,Default tag table,Bool,%M176.3,,True,True,True,,
Run_OCV_to_P2,Default tag table,Bool,%M176.4,,True,True,True,,
CVO_BW,Default tag table,Bool,%M176.5,,True,True,True,,
CVO_FW,Default tag table,Bool,%M176.6,,True,True,True,,
Edge_287,Default tag table,Bool,%M176.7,,True,True,True,,
Preposition,Default tag table,Byte,%MB177,,True,True,True,,
Edge_288,Default tag table,Bool,%M178.0,,True,True,True,,
Run_ICV_to_P3,Default tag table,Bool,%M178.1,,True,True,True,,
CVI_FW_1,Default tag table,Bool,%M178.2,,True,True,True,,
CVI_BW_1,Default tag table,Bool,%M178.3,,True,True,True,,
Edge_289,Default tag table,Bool,%M178.4,,True,True,True,,
Edge_290,Default tag table,Bool,%M178.5,,True,True,True,,
Edge_291,Default tag table,Bool,%M178.6,,True,True,True,,
Has_Rack_Out,Default tag table,Bool,%M178.7,,True,True,True,,
Edge_292,Default tag table,Bool,%M179.0,,True,True,True,,
Rack_hook,Default tag table,Bool,%M179.1,,True,True,True,,
Edge_293,Default tag table,Bool,%M179.2,,True,True,True,,
Up_XL_Nâng_Input_First,Default tag table,Bool,%M83.1,,True,True,True,,
TestCVOUT,Default tag table,Bool,%M179.3,,True,True,True,,
Test_Manual,Default tag table,Bool,%M179.4,,True,True,True,,
Edge_294,Default tag table,Bool,%M179.5,,True,True,True,,
Edge_295,Default tag table,Bool,%M179.6,,True,True,True,,
Up_XL_Robot_ForArea_1_Done,Default tag table,Bool,%M179.7,,True,True,True,,
Finish_Trip_Robot,Default tag table,Bool,%M180.0,,True,True,True,,
ERROR_STATE_X,Default tag table,Bool,%M180.1,,True,True,True,,
ERROR_STATE_LIFT,Default tag table,Bool,%M180.2,,True,True,True,,
Edge_296,Default tag table,Bool,%M180.3,,True,True,True,,
Edge_297,Default tag table,Bool,%M180.4,,True,True,True,,
Edge_298,Default tag table,Bool,%M180.5,,True,True,True,,
Edge_299,Default tag table,Bool,%M180.6,,True,True,True,,
Wait_Pull_Rack_Out,Default tag table,Bool,%M180.7,,True,True,True,,
Up_XL_Nâng Output_Done_Rack,Default tag table,Bool,%M181.0,,True,True,True,,
Edge_300,Default tag table,Bool,%M181.1,,True,True,True,,
Final_rack,Default tag table,Bool,%M181.2,,True,True,True,,
SEND_MoveRack123,Default tag table,Bool,%M181.3,,True,True,True,,
Edge_301,Default tag table,Bool,%M181.4,,True,True,True,,
SEND_TripDone123,Default tag table,Bool,%M181.5,,True,True,True,,
Edge_302,Default tag table,Bool,%M181.6,,True,True,True,,
SEND_MoveRack789_10,Default tag table,Bool,%M181.7,,True,True,True,,
Edge_303,Default tag table,Bool,%M182.0,,True,True,True,,
SEND_TripDone789_10,Default tag table,Bool,%M182.1,,True,True,True,,
Edge_304,Default tag table,Bool,%M182.2,,True,True,True,,
Edge_305,Default tag table,Bool,%M182.3,,True,True,True,,
SEND_TripDone456,Default tag table,Bool,%M182.4,,True,True,True,,
Edge_306,Default tag table,Bool,%M182.5,,True,True,True,,
SEND_GetRack,Default tag table,Bool,%M182.6,,True,True,True,,
Edge_307,Default tag table,Bool,%M182.7,,True,True,True,,
Trigger_GetRack_Infor,Default tag table,Bool,%M183.0,,True,True,True,,
Edge_308,Default tag table,Bool,%M183.1,,True,True,True,,
Edge_309,Default tag table,Bool,%M183.2,,True,True,True,,
Restart_Tranfer1,Default tag table,Bool,%M183.3,,True,True,True,,
Area1_Initial,Default tag table,Bool,%M183.5,,True,True,True,,
Edge_310,Default tag table,Bool,%M183.6,,True,True,True,,
Edge_311,Default tag table,Bool,%M183.7,,True,True,True,,
Edge_312,Default tag table,Bool,%M184.0,,True,True,True,,
SS_Cửa 1,Default tag table,Bool,%I3.7,,True,True,True,,
SS_Cửa 2,Default tag table,Bool,%I4.0,,True,True,True,,
SS_Cửa 3,Default tag table,Bool,%I4.1,,True,True,True,,
SS_Cửa 4,Default tag table,Bool,%I4.2,,True,True,True,,
Opend_Door1,Default tag table,Bool,%M184.1,,True,True,True,,
Opend_Door2,Default tag table,Bool,%M184.2,,True,True,True,,
Opend_Door3,Default tag table,Bool,%M184.3,,True,True,True,,
Opend_Door4,Default tag table,Bool,%M184.4,,True,True,True,,
